-- phpMyAdmin SQL Dump
-- version 5.2.1
-- https://www.phpmyadmin.net/
--
-- Servidor: 127.0.0.1
-- Tiempo de generación: 19-11-2025 a las 21:06:58
-- Versión del servidor: 10.4.32-MariaDB
-- Versión de PHP: 8.2.12

SET SQL_MODE = "NO_AUTO_VALUE_ON_ZERO";
START TRANSACTION;
SET time_zone = "+00:00";


/*!40101 SET @OLD_CHARACTER_SET_CLIENT=@@CHARACTER_SET_CLIENT */;
/*!40101 SET @OLD_CHARACTER_SET_RESULTS=@@CHARACTER_SET_RESULTS */;
/*!40101 SET @OLD_COLLATION_CONNECTION=@@COLLATION_CONNECTION */;
/*!40101 SET NAMES utf8mb4 */;

--
-- Base de datos: `bdcarritocompras`
--

-- --------------------------------------------------------

--
-- Estructura de tabla para la tabla `compra`
--

CREATE TABLE `compra` (
  `idcompra` bigint(20) NOT NULL,
  `cofecha` timestamp NOT NULL DEFAULT current_timestamp(),
  `idusuario` bigint(20) NOT NULL
) ENGINE=InnoDB DEFAULT CHARSET=utf8mb4 COLLATE=utf8mb4_unicode_ci;

--
-- Volcado de datos para la tabla `compra`
--

INSERT INTO `compra` (`idcompra`, `cofecha`, `idusuario`) VALUES
(1, '2025-11-19 18:41:28', 11),
(2, '2025-11-19 18:46:01', 5),
(3, '2025-11-19 18:51:52', 5),
(4, '2025-11-19 19:09:54', 5),
(5, '2025-11-19 19:27:43', 5);

-- --------------------------------------------------------

--
-- Estructura de tabla para la tabla `compraestado`
--

CREATE TABLE `compraestado` (
  `idcompraestado` bigint(20) UNSIGNED NOT NULL,
  `idcompra` bigint(20) NOT NULL,
  `idcompraestadotipo` int(11) NOT NULL,
  `cefechaini` timestamp NOT NULL DEFAULT current_timestamp(),
  `cefechafin` timestamp NULL DEFAULT NULL
) ENGINE=InnoDB DEFAULT CHARSET=utf8mb4 COLLATE=utf8mb4_unicode_ci;

--
-- Volcado de datos para la tabla `compraestado`
--

INSERT INTO `compraestado` (`idcompraestado`, `idcompra`, `idcompraestadotipo`, `cefechaini`, `cefechafin`) VALUES
(1, 1, 1, '2025-11-19 18:41:28', NULL),
(2, 2, 1, '2025-11-19 18:46:01', NULL),
(3, 3, 1, '2025-11-19 18:51:52', NULL),
(4, 4, 1, '2025-11-19 19:09:54', NULL),
(5, 5, 1, '2025-11-19 19:27:43', NULL);

-- --------------------------------------------------------

--
-- Estructura de tabla para la tabla `compraestadotipo`
--

CREATE TABLE `compraestadotipo` (
  `idcompraestadotipo` int(11) NOT NULL,
  `cetdescripcion` varchar(50) NOT NULL,
  `cetdetalle` varchar(256) NOT NULL
) ENGINE=InnoDB DEFAULT CHARSET=utf8mb4 COLLATE=utf8mb4_unicode_ci;

--
-- Volcado de datos para la tabla `compraestadotipo`
--

INSERT INTO `compraestadotipo` (`idcompraestadotipo`, `cetdescripcion`, `cetdetalle`) VALUES
(1, 'iniciada', 'cuando el usuario : cliente inicia la compra de uno o mas productos del carrito'),
(2, 'aceptada', 'cuando el usuario administrador da ingreso a uno de las compras en estado = 1 '),
(3, 'enviada', 'cuando el usuario administrador envia a uno de las compras en estado =2 '),
(4, 'cancelada', 'un usuario administrador podra cancelar una compra en cualquier estado y un usuario cliente solo en estado=1 ');

-- --------------------------------------------------------

--
-- Estructura de tabla para la tabla `compraitem`
--

CREATE TABLE `compraitem` (
  `idcompraitem` bigint(20) UNSIGNED NOT NULL,
  `idproducto` bigint(20) NOT NULL,
  `idcompra` bigint(20) NOT NULL,
  `cicantidad` int(11) NOT NULL
) ENGINE=InnoDB DEFAULT CHARSET=utf8mb4 COLLATE=utf8mb4_unicode_ci;

--
-- Volcado de datos para la tabla `compraitem`
--

INSERT INTO `compraitem` (`idcompraitem`, `idproducto`, `idcompra`, `cicantidad`) VALUES
(1, 16, 1, 3),
(2, 16, 2, 2),
(3, 16, 3, 1),
(4, 16, 4, 2),
(5, 16, 5, 2);

-- --------------------------------------------------------

--
-- Estructura de tabla para la tabla `menu`
--

CREATE TABLE `menu` (
  `idmenu` bigint(20) NOT NULL,
  `menombre` varchar(50) NOT NULL COMMENT 'Nombre del item del menu',
  `medescripcion` varchar(124) NOT NULL COMMENT 'Descripcion mas detallada',
  `idpadre` bigint(20) DEFAULT NULL COMMENT 'Referencia al menú padre',
  `medeshabilitado` timestamp NULL DEFAULT NULL
) ENGINE=InnoDB DEFAULT CHARSET=utf8mb4 COLLATE=utf8mb4_unicode_ci;

--
-- Volcado de datos para la tabla `menu`
--

INSERT INTO `menu` (`idmenu`, `menombre`, `medescripcion`, `idpadre`, `medeshabilitado`) VALUES
(94, 'Celulares', 'celulares.php', NULL, '0000-00-00 00:00:00'),
(95, 'Iphone', 'celulares/iphone.php', 94, '0000-00-00 00:00:00');

-- --------------------------------------------------------

--
-- Estructura de tabla para la tabla `menurol`
--

CREATE TABLE `menurol` (
  `idmenu` bigint(20) NOT NULL,
  `idrol` bigint(20) NOT NULL
) ENGINE=InnoDB DEFAULT CHARSET=utf8mb4 COLLATE=utf8mb4_unicode_ci;

-- --------------------------------------------------------

--
-- Estructura de tabla para la tabla `producto`
--

CREATE TABLE `producto` (
  `idproducto` bigint(20) NOT NULL,
  `pronombre` varchar(100) NOT NULL,
  `prodetalle` varchar(512) NOT NULL,
  `procantstock` int(11) NOT NULL DEFAULT 0,
  `idusuario` bigint(20) NOT NULL,
  `prodeshabilitado` timestamp NULL DEFAULT NULL
) ENGINE=InnoDB DEFAULT CHARSET=utf8mb4 COLLATE=utf8mb4_unicode_ci;

--
-- Volcado de datos para la tabla `producto`
--

INSERT INTO `producto` (`idproducto`, `pronombre`, `prodetalle`, `procantstock`, `idusuario`, `prodeshabilitado`) VALUES
(16, 'celulares_iphone_iphone 12', '402000', 1, 4, NULL),
(17, 'celulares_ipad air', '11123000', 2, 4, NULL);

-- --------------------------------------------------------

--
-- Estructura de tabla para la tabla `rol`
--

CREATE TABLE `rol` (
  `idrol` bigint(20) NOT NULL,
  `rodescripcion` varchar(50) NOT NULL
) ENGINE=InnoDB DEFAULT CHARSET=utf8mb4 COLLATE=utf8mb4_unicode_ci;

--
-- Volcado de datos para la tabla `rol`
--

INSERT INTO `rol` (`idrol`, `rodescripcion`) VALUES
(1, 'admin'),
(2, 'cliente');

-- --------------------------------------------------------

--
-- Estructura de tabla para la tabla `usuario`
--

CREATE TABLE `usuario` (
  `idusuario` bigint(20) NOT NULL,
  `usnombre` varchar(50) NOT NULL,
  `uspass` varchar(255) NOT NULL,
  `usmail` varchar(50) NOT NULL,
  `usdeshabilitado` timestamp NULL DEFAULT NULL
) ENGINE=InnoDB DEFAULT CHARSET=utf8mb4 COLLATE=utf8mb4_unicode_ci;

--
-- Volcado de datos para la tabla `usuario`
--

INSERT INTO `usuario` (`idusuario`, `usnombre`, `uspass`, `usmail`, `usdeshabilitado`) VALUES
(4, 'ale.c', '$2y$10$s2P69PrU9MRDkWN4g7PdiuhUHvb5rt6/Mht31A/UYbEhaR56IoAMi', 'alejandro.claure@est.fi.uncoma.edu.ar', NULL),
(5, 'ale.c1', '$2y$10$xSl.XVXUNSz3AbGUkFjIAOBHRpD0yDNQmv.MmZLP13ymaH/r5agum', 'alejoclaure@gmail.com', NULL),
(11, 'aleClient', '$2y$10$P0nYOrmgJzDe4YdFcXV7w.3tdk6/x.7knbtD6Gz7X.CqOoO.1kja.', 'asd@gmail.com', NULL);

-- --------------------------------------------------------

--
-- Estructura de tabla para la tabla `usuariorol`
--

CREATE TABLE `usuariorol` (
  `idusuario` bigint(20) NOT NULL,
  `idrol` bigint(20) NOT NULL
) ENGINE=InnoDB DEFAULT CHARSET=utf8mb4 COLLATE=utf8mb4_unicode_ci;

--
-- Volcado de datos para la tabla `usuariorol`
--

INSERT INTO `usuariorol` (`idusuario`, `idrol`) VALUES
(4, 1),
(5, 1),
(5, 2),
(11, 2);

--
-- Índices para tablas volcadas
--

--
-- Indices de la tabla `compra`
--
ALTER TABLE `compra`
  ADD PRIMARY KEY (`idcompra`),
  ADD KEY `fk_compra_usuario` (`idusuario`);

--
-- Indices de la tabla `compraestado`
--
ALTER TABLE `compraestado`
  ADD PRIMARY KEY (`idcompraestado`),
  ADD KEY `fk_compraestado_compra` (`idcompra`),
  ADD KEY `fk_compraestado_tipo` (`idcompraestadotipo`);

--
-- Indices de la tabla `compraestadotipo`
--
ALTER TABLE `compraestadotipo`
  ADD PRIMARY KEY (`idcompraestadotipo`);

--
-- Indices de la tabla `compraitem`
--
ALTER TABLE `compraitem`
  ADD PRIMARY KEY (`idcompraitem`),
  ADD KEY `fk_compraitem_compra` (`idcompra`),
  ADD KEY `fk_compraitem_producto` (`idproducto`);

--
-- Indices de la tabla `menu`
--
ALTER TABLE `menu`
  ADD PRIMARY KEY (`idmenu`),
  ADD KEY `fk_menu_padre` (`idpadre`);

--
-- Indices de la tabla `menurol`
--
ALTER TABLE `menurol`
  ADD PRIMARY KEY (`idmenu`,`idrol`),
  ADD KEY `fk_menurol_rol` (`idrol`);

--
-- Indices de la tabla `producto`
--
ALTER TABLE `producto`
  ADD PRIMARY KEY (`idproducto`),
  ADD KEY `fk_producto_usuario` (`idusuario`);

--
-- Indices de la tabla `rol`
--
ALTER TABLE `rol`
  ADD PRIMARY KEY (`idrol`),
  ADD UNIQUE KEY `idrol` (`idrol`);

--
-- Indices de la tabla `usuario`
--
ALTER TABLE `usuario`
  ADD PRIMARY KEY (`idusuario`),
  ADD UNIQUE KEY `idusuario` (`idusuario`),
  ADD UNIQUE KEY `usmail` (`usmail`);

--
-- Indices de la tabla `usuariorol`
--
ALTER TABLE `usuariorol`
  ADD PRIMARY KEY (`idusuario`,`idrol`),
  ADD KEY `fk_usuariorol_rol` (`idrol`);

--
-- AUTO_INCREMENT de las tablas volcadas
--

--
-- AUTO_INCREMENT de la tabla `compra`
--
ALTER TABLE `compra`
  MODIFY `idcompra` bigint(20) NOT NULL AUTO_INCREMENT, AUTO_INCREMENT=6;

--
-- AUTO_INCREMENT de la tabla `compraestado`
--
ALTER TABLE `compraestado`
  MODIFY `idcompraestado` bigint(20) UNSIGNED NOT NULL AUTO_INCREMENT, AUTO_INCREMENT=6;

--
-- AUTO_INCREMENT de la tabla `compraitem`
--
ALTER TABLE `compraitem`
  MODIFY `idcompraitem` bigint(20) UNSIGNED NOT NULL AUTO_INCREMENT, AUTO_INCREMENT=6;

--
-- AUTO_INCREMENT de la tabla `menu`
--
ALTER TABLE `menu`
  MODIFY `idmenu` bigint(20) NOT NULL AUTO_INCREMENT, AUTO_INCREMENT=96;

--
-- AUTO_INCREMENT de la tabla `producto`
--
ALTER TABLE `producto`
  MODIFY `idproducto` bigint(20) NOT NULL AUTO_INCREMENT, AUTO_INCREMENT=18;

--
-- AUTO_INCREMENT de la tabla `rol`
--
ALTER TABLE `rol`
  MODIFY `idrol` bigint(20) NOT NULL AUTO_INCREMENT, AUTO_INCREMENT=4;

--
-- AUTO_INCREMENT de la tabla `usuario`
--
ALTER TABLE `usuario`
  MODIFY `idusuario` bigint(20) NOT NULL AUTO_INCREMENT, AUTO_INCREMENT=12;

--
-- Restricciones para tablas volcadas
--

--
-- Filtros para la tabla `compra`
--
ALTER TABLE `compra`
  ADD CONSTRAINT `fk_compra_usuario` FOREIGN KEY (`idusuario`) REFERENCES `usuario` (`idusuario`) ON UPDATE CASCADE;

--
-- Filtros para la tabla `compraestado`
--
ALTER TABLE `compraestado`
  ADD CONSTRAINT `fk_compraestado_compra` FOREIGN KEY (`idcompra`) REFERENCES `compra` (`idcompra`) ON UPDATE CASCADE,
  ADD CONSTRAINT `fk_compraestado_tipo` FOREIGN KEY (`idcompraestadotipo`) REFERENCES `compraestadotipo` (`idcompraestadotipo`) ON UPDATE CASCADE;

--
-- Filtros para la tabla `compraitem`
--
ALTER TABLE `compraitem`
  ADD CONSTRAINT `fk_compraitem_compra` FOREIGN KEY (`idcompra`) REFERENCES `compra` (`idcompra`) ON UPDATE CASCADE,
  ADD CONSTRAINT `fk_compraitem_producto` FOREIGN KEY (`idproducto`) REFERENCES `producto` (`idproducto`) ON UPDATE CASCADE;

--
-- Filtros para la tabla `menu`
--
ALTER TABLE `menu`
  ADD CONSTRAINT `fk_menu_padre` FOREIGN KEY (`idpadre`) REFERENCES `menu` (`idmenu`) ON UPDATE CASCADE;

--
-- Filtros para la tabla `menurol`
--
ALTER TABLE `menurol`
  ADD CONSTRAINT `fk_menurol_menu` FOREIGN KEY (`idmenu`) REFERENCES `menu` (`idmenu`) ON UPDATE CASCADE,
  ADD CONSTRAINT `fk_menurol_rol` FOREIGN KEY (`idrol`) REFERENCES `rol` (`idrol`) ON UPDATE CASCADE;

--
-- Filtros para la tabla `producto`
--
ALTER TABLE `producto`
  ADD CONSTRAINT `fk_producto_usuario` FOREIGN KEY (`idusuario`) REFERENCES `usuario` (`idusuario`) ON UPDATE CASCADE;

--
-- Filtros para la tabla `usuariorol`
--
ALTER TABLE `usuariorol`
  ADD CONSTRAINT `fk_usuariorol_rol` FOREIGN KEY (`idrol`) REFERENCES `rol` (`idrol`) ON UPDATE CASCADE,
  ADD CONSTRAINT `fk_usuariorol_usuario` FOREIGN KEY (`idusuario`) REFERENCES `usuario` (`idusuario`) ON UPDATE CASCADE;
COMMIT;

/*!40101 SET CHARACTER_SET_CLIENT=@OLD_CHARACTER_SET_CLIENT */;
/*!40101 SET CHARACTER_SET_RESULTS=@OLD_CHARACTER_SET_RESULTS */;
/*!40101 SET COLLATION_CONNECTION=@OLD_COLLATION_CONNECTION */;
